campaign_id,day_after_1,day_after_2,day_after_3,day_after_4,impression_1,impression_2,impression_3,impression_4,facebook,google_display,google_search,instagram,target,budget,start_month,end_month,start_week,end_week,days,region,category
181,32,64,96,128,19668,29922,37693,75457,1,0,1,0,80000,400,3,8,13,31,128,germany,festival
235,4,8,12,16,388,1113,1404,1597,1,0,0,0,20000,100,11,11,44,46,16,germany,concert
210,7,14,22,29,2188,8741,11362,13110,1,0,0,1,40000,200,10,11,41,45,29,germany,theatre
19,3,6,9,12,406585,635585,876249,2076732,1,0,1,0,680000,3400,11,11,46,47,12,germany,conference
62,3,6,9,12,111528,147227,209281,905240,0,0,0,1,260000,1300,5,6,20,22,12,europe,other
12,23,46,68,91,1172865,1382985,1708599,2422695,1,1,1,1,1120000,5600,10,12,40,53,91,uk,conference
184,3,6,10,13,15691,18998,25430,37042,1,0,0,1,60000,300,11,11,44,46,13,germany,comedy
143,22,44,67,89,31630,37787,47917,67636,1,0,1,1,100000,500,6,9,26,39,89,germany,concert
168,12,24,37,49,24096,32921,44145,51627,1,0,0,0,80000,400,11,12,45,52,49,switzerland,theatre
152,12,24,36,48,49399,65113,74144,103205,1,0,1,1,100000,500,2,4,9,16,48,germany,theatre
161,14,28,41,55,19512,33145,38598,42234,1,0,1,1,80000,400,12,1,49,4,55,germany,concert
211,14,28,42,56,2838,7320,9113,10308,1,0,0,0,40000,200,10,12,43,51,56,germany,concert
46,13,26,40,53,128559,201766,238305,448524,1,1,1,0,360000,1800,3,4,10,17,53,switzerland,theatre
105,3,6,10,13,82458,104428,112619,176828,1,0,1,1,140000,700,6,7,26,28,13,germany,festival
199,5,10,14,19,17180,24956,34384,40669,1,0,0,0,60000,300,11,11,45,48,19,germany,concert
87,4,8,13,17,100318,125649,152608,212124,1,0,1,1,180000,900,11,11,44,47,17,germany,conference
134,17,34,52,69,14355,26017,52689,70471,1,0,1,1,120000,600,7,9,28,37,69,germany,concert
221,7,14,21,28,18873,23852,26335,38623,1,0,0,0,40000,200,11,12,47,51,28,germany,comedy
109,7,14,22,29,43005,68828,104927,139648,1,0,1,1,140000,700,11,12,45,49,29,germany,festival
17,68,137,206,274,88376,374338,506909,595290,1,0,1,1,720000,3600,1,10,5,44,274,germany,conference
195,8,16,25,33,14403,17535,24399,36412,1,0,0,0,60000,300,12,1,50,3,33,germany,concert
228,15,30,44,59,12366,17854,31526,40641,1,0,1,0,40000,200,10,11,40,48,59,germany,conference
16,18,36,54,72,394153,505046,623183,1096893,1,0,1,1,740000,3700,4,6,15,25,72,germany,conference
114,5,10,16,21,21591,48972,67459,132556,1,1,1,1,140000,700,4,4,15,18,21,germany,concert
49,18,35,52,70,156208,237105,266023,317756,1,0,1,1,340000,1700,5,7,21,31,70,germany,concert
65,8,16,25,33,88319,108935,118771,251482,1,0,1,1,240000,1200,3,4,11,16,33,usa,theatre
137,5,10,16,21,32184,32661,39803,76541,1,0,1,0,100000,500,3,4,11,14,21,switzerland,concert
241,2,4,6,8,3782,4841,9167,27239,1,0,0,0,20000,100,12,12,49,50,8,germany,comedy
208,2,4,6,8,9546,18249,21730,24051,1,0,0,0,40000,200,7,7,28,29,8,germany,comedy
127,10,20,29,39,13090,33151,43880,92626,1,0,1,1,120000,600,10,12,43,48,39,germany,concert
1,14,28,43,57,5929169,7375002,9122437,14006646,0,0,0,1,4080000,20400,9,11,39,47,57,germany,other
15,4,7,10,14,1015726,1436197,1661975,3132249,1,0,1,1,760000,3800,7,8,29,31,14,europe,concert
47,14,28,43,57,76433,106430,216985,303499,1,0,1,0,340000,1700,4,6,17,25,57,switzerland,theatre
102,12,25,38,50,72484,89239,129200,155840,1,0,1,1,160000,800,8,10,34,41,50,germany,concert
215,8,16,24,32,3804,10942,13797,15701,1,0,0,1,40000,200,8,10,35,40,32,germany,concert
220,4,7,10,14,11722,21864,31633,43803,1,0,1,1,40000,200,10,10,40,42,14,germany,concert
148,16,31,46,62,12467,33518,41094,78591,1,0,1,1,100000,500,4,6,15,23,62,germany,festival
37,17,34,50,67,164722,223783,251286,398303,1,0,1,1,400000,2000,11,2,48,5,67,switzerland,theatre
80,14,28,43,57,21994,56037,94204,119648,1,0,1,1,200000,1000,1,3,4,12,57,switzerland,theatre
83,6,12,19,25,99135,109793,144805,262189,1,0,1,1,200000,1000,7,7,27,31,25,germany,festival
54,3,6,9,12,176401,244900,317713,568858,1,0,1,1,300000,1500,6,7,26,27,12,switzerland,concert
113,5,10,14,19,23352,34735,66896,166685,1,0,1,1,140000,700,10,10,41,44,19,germany,concert
106,2,3,4,6,22621,60124,111555,187644,1,0,0,0,140000,700,4,5,18,18,6,germany,other
173,20,39,58,78,6056,11651,13889,15381,1,0,0,1,80000,400,11,1,46,5,78,austria,concert
8,63,126,188,251,615233,718813,735670,1437788,1,0,1,1,1340000,6700,12,8,48,32,251,germany,festival
187,6,12,18,24,6084,23354,30263,34868,1,0,0,0,60000,300,3,4,11,15,24,switzerland,concert
139,16,32,48,64,25475,31705,47490,58014,1,0,1,1,100000,500,12,2,49,6,64,germany,comedy
144,16,31,46,62,19970,51731,64435,72905,1,0,0,1,100000,500,12,2,48,5,62,switzerland,concert
186,5,10,15,20,15674,27640,32426,35617,1,0,0,1,60000,300,11,11,45,48,20,germany,concert
170,30,60,89,119,19571,38797,46488,51615,1,0,0,0,80000,400,9,1,39,4,119,germany,concert
162,12,24,35,47,12161,18972,34615,45044,1,0,0,0,80000,400,11,12,45,52,47,switzerland,concert
26,14,29,44,58,167950,313021,373727,573328,1,0,1,1,500000,2500,9,11,36,45,58,germany,concert
160,4,8,13,17,21922,31831,36241,62587,1,0,1,1,80000,400,11,11,44,47,17,germany,conference
55,8,16,24,32,96918,128523,171145,324794,1,0,1,1,300000,1500,2,3,8,13,32,switzerland,theatre
97,4,8,13,17,69029,105998,119108,143463,1,0,1,1,160000,800,12,12,49,51,17,germany,concert
230,9,18,28,37,4281,6780,9038,10543,0,0,1,0,20000,100,8,9,34,39,37,germany,concert
18,11,22,33,44,399621,565753,729226,1348259,1,0,1,1,720000,3600,2,3,7,13,44,germany,conference
172,10,20,30,40,2910,7721,9646,10929,1,0,0,1,80000,400,1,3,4,9,40,switzerland,concert
164,7,14,20,27,25830,33607,48231,57981,1,0,0,0,80000,400,11,12,48,52,27,switzerland,festival
185,8,16,23,31,5595,16423,20754,23641,1,0,0,0,60000,300,10,11,44,48,31,switzerland,concert
5,118,236,355,473,943431,1235086,1665276,1954016,1,0,1,1,2120000,10600,5,8,20,35,473,germany,comedy
45,31,62,94,125,95252,160977,187267,204794,1,0,1,1,360000,1800,8,12,31,49,125,germany,concert
64,31,62,92,123,14062,50491,69827,82717,1,0,1,1,240000,1200,4,8,16,33,123,germany,festival
222,8,15,22,30,11247,16828,21999,38641,1,0,1,1,40000,200,10,11,41,45,30,austria,theatre
23,14,28,42,56,353721,355995,415932,787417,1,0,1,1,620000,3100,1,3,1,9,56,europe,conference
73,54,107,160,214,18040,80551,105555,122225,1,0,0,1,220000,1100,11,6,48,26,214,switzerland,concert
4,28,55,82,110,1009261,1342038,1715259,4308892,1,1,1,1,2140000,10700,3,6,9,25,110,germany,conference
189,8,16,23,31,10069,22144,30286,35714,1,0,0,1,60000,300,8,9,33,37,31,germany,concert
124,2,4,5,7,41669,85700,95816,176972,1,0,0,1,120000,600,4,4,16,17,7,germany,concert
75,46,92,137,183,16721,82611,122302,148763,1,0,1,1,220000,1100,5,10,18,44,183,germany,other
115,12,23,34,46,30750,72307,86856,135271,1,0,0,1,140000,700,1,3,3,10,46,germany,comedy
32,44,89,134,178,86983,137083,198136,273814,1,0,1,1,440000,2200,4,10,17,43,178,germany,concert
153,31,62,93,124,38325,48137,67734,84366,1,0,1,1,100000,500,3,7,13,31,124,germany,concert
191,4,7,10,14,13840,17574,36088,51267,1,0,0,0,60000,300,3,3,11,13,14,germany,concert
141,19,38,56,75,26330,42846,58835,69495,1,0,0,1,100000,500,11,2,48,6,75,switzerland,other
131,11,22,33,44,13520,40093,54806,64615,1,0,1,1,120000,600,11,12,45,51,44,germany,concert
6,10,21,32,42,1032331,1469218,1770100,3644316,1,1,1,1,1660000,8300,6,8,25,31,42,germany,other
165,2,3,4,6,37226,47682,51698,81341,1,0,1,1,80000,400,4,5,17,18,6,germany,festival
3,8,16,25,33,851049,1185091,1593937,8407989,1,1,1,1,2180000,10900,5,6,19,24,33,switzerland,festival
30,8,16,23,31,299872,346667,391000,670432,1,0,0,0,460000,2300,11,12,44,48,31,germany,conference
202,15,30,44,59,15536,29686,35346,39119,1,0,0,1,60000,300,1,3,4,12,59,switzerland,comedy
225,4,8,11,15,10577,19763,27474,32615,1,0,1,1,40000,200,11,11,45,47,15,germany,concert
207,7,14,20,27,5826,29166,38276,51000,1,0,1,1,60000,300,5,6,19,23,27,germany,concert
20,24,48,71,95,139139,244674,450074,783036,1,0,1,1,680000,3400,2,5,5,19,95,germany,festival
100,16,32,49,65,32554,56758,73355,143761,1,0,1,1,160000,800,11,1,44,1,65,switzerland,theatre
218,6,12,18,24,10612,14038,19880,32020,1,0,1,1,40000,200,11,12,48,51,24,germany,comedy
234,14,28,42,56,473,2116,2773,3211,1,0,0,0,20000,100,10,12,43,51,56,germany,concert
85,4,7,10,14,96428,134060,143472,217207,1,0,1,1,180000,900,1,2,4,6,14,switzerland,concert
178,4,9,14,18,9331,26485,47044,64838,1,0,1,0,80000,400,10,11,43,46,18,germany,conference
76,14,28,42,56,68405,87139,88922,219134,1,0,1,1,220000,1100,10,12,40,48,56,germany,concert
154,9,18,28,37,33770,42718,50085,77885,1,0,1,1,100000,500,9,10,38,43,37,switzerland,comedy
36,15,30,44,59,110997,243508,296512,331848,1,1,1,1,400000,2000,4,6,14,22,59,switzerland,theatre
227,3,6,8,11,9075,14408,17791,26210,1,0,0,1,40000,200,3,3,11,12,11,germany,concert
123,10,20,29,39,22745,28847,49890,84273,1,0,1,1,120000,600,10,12,43,48,39,germany,concert
51,6,11,16,22,165682,213708,277388,474974,1,0,1,1,320000,1600,1,2,3,6,22,germany,conference
188,33,66,99,132,10859,19526,22993,25304,1,0,0,0,60000,300,6,10,22,41,132,germany,concert
96,4,7,10,14,67003,78062,89255,181167,1,0,0,1,160000,800,4,4,13,15,14,germany,concert
2,38,77,116,154,1852771,2528042,3136229,5198005,1,1,1,1,3660000,18300,12,5,49,19,154,austria,conference
146,4,8,13,17,10142,45596,66730,80819,1,0,1,1,100000,500,9,9,36,39,17,germany,concert
74,9,18,28,37,43746,87383,132792,183717,1,0,1,1,220000,1100,1,3,5,10,37,switzerland,concert
209,5,10,16,21,6621,11812,13889,15273,1,0,1,0,40000,200,4,5,17,20,21,germany,concert
99,15,30,44,59,18898,56506,80462,96433,1,0,0,0,160000,800,10,12,43,52,59,switzerland,comedy
180,8,16,23,31,23439,34950,46580,74784,1,0,1,1,80000,400,10,11,40,44,31,germany,conference
212,14,28,42,56,4843,8172,9504,10392,1,0,0,0,40000,200,10,12,43,51,56,germany,concert
232,6,11,16,22,2635,3810,7666,10236,1,0,0,0,20000,100,2,3,7,10,22,switzerland,other
107,4,8,13,17,61715,70973,87838,140037,1,0,1,1,140000,700,11,11,44,47,17,germany,conference
132,9,18,27,36,21620,39537,49707,123502,1,0,1,1,120000,600,9,10,35,41,36,germany,concert
204,7,14,20,27,25035,33417,42309,55007,1,0,0,0,60000,300,11,12,48,52,27,switzerland,theatre
149,4,8,12,16,20303,42822,48685,88042,1,0,1,1,100000,500,10,10,41,43,16,germany,conference
28,54,107,160,214,104419,150445,236115,293228,1,0,1,1,480000,2400,7,2,28,6,214,germany,concert
206,2,4,5,7,29830,33683,36688,65231,1,0,0,0,60000,300,4,4,17,18,7,germany,comedy
66,20,40,59,79,78770,128628,148571,161867,1,0,1,1,240000,1200,9,11,35,47,79,switzerland,theatre
174,13,26,40,53,24415,44841,53011,58458,1,0,1,0,80000,400,9,11,38,46,53,germany,comedy
24,22,44,66,88,260086,375442,405990,532025,1,0,1,1,520000,2600,10,1,42,3,88,switzerland,concert
117,15,30,46,61,51943,60001,71377,154797,1,0,1,1,140000,700,11,1,48,4,61,germany,comedy
44,6,12,19,25,153549,179744,257484,607178,1,0,1,1,380000,1900,9,10,38,42,25,germany,other
182,17,34,52,69,26077,42557,47574,107503,1,0,0,1,80000,400,8,10,33,43,69,switzerland,comedy
201,7,14,21,28,18117,25651,28698,52136,1,0,0,0,60000,300,1,2,2,6,28,switzerland,theatre
194,6,12,17,23,7166,27208,35225,40570,1,0,0,1,60000,300,9,10,39,42,23,germany,concert
88,33,66,100,133,15311,80230,106197,123509,1,0,0,1,180000,900,4,9,17,36,133,switzerland,theatre
203,3,6,9,12,21860,27619,30174,52357,1,0,0,1,60000,300,1,2,5,7,12,switzerland,concert
167,12,23,34,46,5485,11981,34758,49943,1,0,0,1,80000,400,10,11,41,48,46,switzerland,comedy
229,4,8,11,15,1515,3352,4087,4577,1,0,1,0,20000,100,2,2,6,8,15,germany,comedy
48,6,11,16,22,103685,164102,206133,309303,1,0,1,1,340000,1700,3,4,11,14,22,switzerland,concert
138,4,8,13,17,10925,37822,69964,91392,1,0,1,1,100000,500,9,10,37,40,17,switzerland,conference
236,8,16,24,32,2443,4651,8905,18402,0,0,1,0,20000,100,9,10,38,43,32,austria,festival
70,4,9,14,18,107824,138836,154117,337355,1,0,1,1,240000,1200,10,11,43,46,18,germany,conference
112,12,24,37,49,16408,40375,49962,56353,1,0,1,1,140000,700,2,3,6,13,49,germany,concert
103,38,76,114,152,95226,108128,114805,270101,1,0,0,1,160000,800,6,11,26,48,152,switzerland,concert
163,6,11,16,22,19861,31239,50065,62615,1,0,1,1,80000,400,10,11,42,45,22,germany,other
183,6,12,17,23,5735,10063,11794,12948,1,0,1,0,60000,300,6,7,24,27,23,germany,conference
68,16,32,49,65,18182,115431,154330,180263,1,0,0,1,240000,1200,11,1,47,4,65,switzerland,theatre
171,16,32,49,65,21892,29631,38051,63397,1,1,1,0,80000,400,12,2,49,6,65,usa,conference
10,14,28,41,55,355469,421666,668261,2852708,1,0,1,1,1240000,6200,4,5,13,21,55,germany,conference
193,6,11,16,22,10249,25564,35000,41290,1,0,1,0,60000,300,6,6,23,26,22,germany,concert
159,36,71,106,142,2599,11463,15009,17373,1,0,1,0,80000,400,1,5,2,22,142,germany,festival
197,12,24,36,48,12259,24812,29833,33180,1,0,0,0,60000,300,2,4,9,16,48,switzerland,festival
151,9,18,28,37,14405,32419,46626,100654,1,0,0,0,100000,500,11,12,47,52,37,switzerland,festival
42,23,46,68,91,59414,207194,256229,305714,1,0,1,1,380000,1900,6,8,22,35,91,germany,conference
71,2,3,4,6,174239,257307,321007,692643,1,0,0,0,220000,1100,4,5,18,18,6,germany,other
25,37,74,110,147,100424,210467,260653,294111,1,1,1,1,500000,2500,5,10,19,40,147,switzerland,theatre
43,11,22,32,43,193344,225741,258834,532140,1,0,1,1,380000,1900,12,2,51,5,43,germany,concert
57,28,57,86,114,159992,192475,255000,377673,1,0,1,1,300000,1500,11,3,46,10,114,germany,other
223,4,9,14,18,15882,18437,22221,42989,1,0,1,0,40000,200,10,11,43,46,18,germany,conference
111,8,16,24,32,20644,66438,84756,96968,1,0,1,1,140000,700,3,4,11,15,32,germany,concert
29,17,34,51,68,109923,279835,311511,460167,1,0,1,1,480000,2400,5,7,21,31,68,germany,concert
82,38,77,116,154,24882,38841,69895,90598,1,0,0,1,200000,1000,4,9,17,39,154,switzerland,theatre
166,4,8,12,16,6505,13737,33842,60888,1,0,0,0,80000,400,12,12,49,52,16,switzerland,concert
119,20,40,61,81,16575,27061,37730,44843,1,0,1,1,120000,600,9,11,35,47,81,germany,concert
13,22,44,65,87,350542,440218,552629,829970,1,0,1,1,820000,4100,3,5,9,21,87,germany,festival
233,11,22,33,44,7365,9726,12054,17154,1,0,0,0,20000,100,2,4,9,15,44,germany,festival
135,12,25,38,50,16466,24727,52900,119544,1,0,1,1,120000,600,9,11,39,46,50,germany,festival
53,44,89,134,178,101739,113590,130418,227529,1,0,1,1,300000,1500,12,6,50,23,178,switzerland,theatre
240,7,14,22,29,4548,12075,15235,26355,1,0,0,0,20000,100,4,4,13,18,29,germany,festival
217,9,18,27,36,2941,10539,13578,15604,1,0,0,0,40000,200,1,2,4,9,36,germany,conference
190,11,22,34,45,9161,18481,26594,32002,1,0,1,1,60000,300,8,10,33,40,45,germany,concert
145,10,20,29,39,13594,55777,71430,83899,1,0,0,0,100000,500,10,12,43,48,39,germany,concert
200,6,12,17,23,21702,33118,38208,43532,1,0,0,1,60000,300,4,5,15,18,23,germany,concert
101,30,60,91,121,41315,80370,93245,140316,1,0,0,1,160000,800,1,5,4,21,121,germany,sport
121,11,22,33,44,34760,39624,49317,75092,1,0,1,1,120000,600,4,6,17,23,44,germany,comedy
219,12,24,37,49,7151,11678,13489,14696,1,0,1,1,40000,200,8,10,33,40,49,germany,concert
93,2,3,4,6,57637,69812,118738,348469,1,0,0,0,160000,800,4,5,18,18,6,germany,other
89,6,12,17,23,73341,80206,94704,197772,1,0,1,1,180000,900,2,2,6,9,23,germany,theatre
52,18,36,55,73,35545,96612,161171,245371,1,0,1,1,320000,1600,6,9,26,36,73,germany,concert
81,9,18,27,36,35264,47335,119078,179676,1,0,0,1,200000,1000,4,5,16,21,36,switzerland,theatre
84,34,68,103,137,48964,68652,106591,173189,1,0,0,0,200000,1000,11,3,44,11,137,switzerland,other
110,7,14,20,27,44219,56543,82993,115924,1,0,0,0,140000,700,11,12,48,52,27,switzerland,concert
116,16,32,47,63,36763,54013,73627,120895,1,0,0,1,140000,700,9,11,37,46,63,germany,comedy
79,2,3,4,6,103695,172818,241037,509169,1,0,0,0,200000,1000,4,5,18,18,6,germany,other
92,33,66,100,133,53339,81472,93343,223177,1,0,0,1,180000,900,11,3,44,11,133,world,concert
104,10,20,29,39,19579,38377,64613,82104,1,0,1,1,140000,700,10,12,43,48,39,switzerland,concert
94,2,3,4,6,95287,124008,158128,363676,1,0,0,0,160000,800,4,5,18,18,6,germany,other
40,18,36,54,72,151069,227752,251955,417846,1,0,1,1,400000,2000,5,7,20,31,72,germany,other
27,9,18,26,35,371426,464490,528693,879371,1,0,1,1,500000,2500,2,3,5,10,35,germany,conference
56,2,4,5,7,227261,312151,408007,1080141,1,0,1,0,300000,1500,12,12,51,52,7,germany,conference
31,36,72,109,145,220433,247774,278019,453621,1,0,1,1,460000,2300,12,5,50,19,145,germany,festival
142,19,38,56,75,27024,34653,55629,69613,1,0,0,1,100000,500,11,2,48,6,75,switzerland,other
61,28,56,85,113,19966,81932,106718,123242,1,0,1,1,260000,1300,9,12,35,51,113,switzerland,theatre
125,9,18,28,37,33859,49326,76205,94124,1,0,1,0,120000,600,3,4,10,15,37,germany,theatre
205,14,29,44,58,9073,21591,38915,63713,1,0,1,1,60000,300,10,12,41,49,58,austria,concert
156,8,16,24,32,35913,43082,51080,105592,1,0,1,1,100000,500,7,8,27,32,32,world,concert
176,8,16,23,31,28806,47832,56005,87387,1,0,1,1,80000,400,11,12,45,50,31,germany,concert
196,8,15,22,30,9125,25860,32903,37599,1,0,0,1,60000,300,3,3,9,13,30,germany,concert
157,13,26,40,53,3458,7707,9406,10539,1,0,1,0,80000,400,11,12,45,52,53,germany,theatre
150,15,30,45,60,17646,54273,67772,78965,1,0,1,1,100000,500,12,2,49,5,60,germany,festival
147,14,28,43,57,18269,30039,59740,79541,1,0,1,1,100000,500,8,10,35,43,57,germany,comedy
136,24,48,71,95,36499,56173,75972,212410,1,0,0,1,120000,600,11,2,46,7,95,uk,concert
175,7,14,22,29,19770,39619,55920,85173,1,0,1,1,80000,400,10,11,43,47,29,germany,concert
38,7,14,20,27,52517,158547,226585,494268,1,0,1,1,400000,2000,5,6,19,23,27,switzerland,theatre
39,60,119,178,238,225509,263235,279029,493081,1,0,1,1,400000,2000,8,4,34,15,238,germany,comedy
11,4,7,10,14,1183622,1619096,2264678,4743729,1,0,1,1,1220000,6100,7,8,29,31,14,germany,sport
130,8,17,26,34,31027,39680,73053,120980,1,0,1,0,120000,600,5,6,19,24,34,switzerland,concert
129,8,16,23,31,38800,64436,76013,118264,1,0,0,0,120000,600,11,12,44,48,31,germany,conference
41,22,44,66,88,202318,241843,253947,453430,1,0,1,1,400000,2000,6,9,26,39,88,germany,concert
50,11,22,34,45,101470,119352,177554,250808,1,0,1,1,320000,1600,10,11,40,46,45,switzerland,comedy
224,4,9,14,18,14449,17758,20242,33669,1,0,1,0,40000,200,10,11,43,46,18,germany,conference
126,10,20,29,39,23398,52559,64224,72000,1,0,1,1,120000,600,10,12,43,48,39,austria,concert
118,4,7,10,14,29887,47634,58310,65428,0,0,1,0,120000,600,7,8,29,31,14,germany,other
77,12,23,34,46,65138,99693,121910,166442,1,0,1,1,220000,1100,3,4,10,17,46,germany,conference
98,8,15,22,30,27614,61335,83131,158579,1,0,0,0,160000,800,11,12,46,50,30,switzerland,concert
177,10,21,32,42,8335,25106,39687,69766,1,0,1,1,80000,400,1,3,3,9,42,germany,concert
22,23,46,70,93,284673,315748,318322,721365,1,0,1,1,620000,3100,5,8,20,34,93,germany,festival
239,5,10,16,21,8132,9611,14617,17954,1,0,0,0,20000,100,12,12,49,52,21,switzerland,theatre
216,4,8,11,15,9570,14319,19048,22201,1,0,0,0,40000,200,12,12,48,50,15,germany,concert
34,3,6,8,11,374044,528716,699073,1333374,1,0,1,1,420000,2100,10,10,42,43,11,germany,conference
140,9,18,28,37,9766,44892,60230,70456,1,0,1,1,100000,500,12,1,49,2,37,germany,sport
14,20,40,60,80,114084,258409,537720,723928,1,0,1,1,800000,4000,6,9,25,36,80,germany,conference
69,15,30,44,59,37059,130070,162314,273745,1,0,1,1,240000,1200,3,5,9,18,59,germany,conference
231,5,10,16,21,5046,7155,9214,10586,1,0,0,0,20000,100,2,3,7,10,21,switzerland,other
9,16,32,48,64,709383,940078,1166788,2860529,1,0,1,1,1300000,6500,5,7,19,28,64,germany,sport
198,7,14,22,29,16545,29803,35106,38642,1,0,1,1,60000,300,7,7,27,31,29,germany,concert
60,10,21,32,42,89497,113966,172965,277404,1,0,1,1,280000,1400,2,3,6,12,42,switzerland,concert
238,18,35,52,70,2681,8555,10056,18605,1,0,0,1,20000,100,9,11,36,46,70,germany,comedy
133,9,18,26,35,22211,72676,85052,142271,1,0,1,0,120000,600,11,1,48,1,35,germany,comedy
72,2,3,4,6,205730,268362,334401,661170,1,0,0,0,220000,1100,4,5,18,18,6,germany,other
120,35,70,105,140,16435,30409,35999,39725,1,0,0,1,120000,600,4,9,17,37,140,switzerland,theatre
63,78,156,234,312,60413,117765,140706,156000,0,0,1,0,260000,1300,12,10,49,41,312,germany,conference
59,2,4,6,8,238261,376762,493816,1036279,1,0,0,1,280000,1400,3,3,12,13,8,germany,concert
155,4,7,10,14,32993,45045,61218,161757,1,0,1,1,100000,500,4,4,16,18,14,switzerland,theatre
35,21,42,62,83,64109,204274,240948,297717,1,0,1,1,400000,2000,3,5,9,21,83,switzerland,theatre
179,4,8,12,16,39868,52603,59095,89686,1,0,1,1,80000,400,5,5,19,21,16,germany,festival
7,83,166,250,333,533821,719631,854862,1434627,1,1,1,1,1620000,8100,2,12,5,53,333,germany,concert
91,10,20,29,39,26633,50354,96532,208834,1,0,0,1,180000,900,9,10,38,43,39,switzerland,concert
237,4,9,14,18,2687,7869,12337,15316,1,0,1,0,20000,100,10,11,43,46,18,germany,conference
